City_ID,City,Country,Date,Lat,Lng,Max Temp,Humidity,Cloudiness,Wind Speed
0,Dwarka,IN,2022-07-07 01:26:10,22.2394,68.9678,82.53,86,69,16.71
1,Albany,US,2022-07-07 01:21:25,42.6001,-73.9662,70.05,78,15,2.66
2,Kahului,US,2022-07-07 01:21:21,20.8947,-156.47,85.96,62,20,25.32
3,Ginir,ET,2022-07-07 01:26:10,7.1333,40.7,56.41,83,24,10.96
4,Ushuaia,AR,2022-07-07 01:20:05,-54.8,-68.3,26.26,74,0,5.75
5,Mar Del Plata,AR,2022-07-07 01:20:05,-38.0023,-57.5575,49.08,95,100,3.44
6,Riacho De Santana,BR,2022-07-07 01:26:11,-13.6092,-42.9389,67.95,71,0,11.21
7,Hilo,US,2022-07-07 01:18:50,19.7297,-155.09,88.29,58,0,8.05
8,Vaini,TO,2022-07-07 01:21:25,-21.2,-175.2,77.16,69,40,6.91
9,Luderitz,NA,2022-07-07 01:26:11,-26.6481,15.1594,55.02,61,0,7.31
10,Zaliztsi,UA,2022-07-07 01:26:11,49.7919,25.373,52.11,94,100,5.37
11,Miles City,US,2022-07-07 01:21:57,46.4083,-105.8406,86.97,42,0,8.05
12,Kismayo,SO,2022-07-07 01:26:12,-0.3582,42.5454,76.01,80,100,20.33
13,Davila,PH,2022-07-07 01:26:12,18.4726,120.5763,85.98,74,57,5.01
14,Thompson,CA,2022-07-07 01:21:20,55.7435,-97.8558,69.96,43,100,9.22
15,The Valley,AI,2022-07-07 01:22:25,18.217,-63.0578,82.26,79,7,18.77
16,Panacan,PH,2022-07-07 01:26:12,9.2463,118.4082,81.93,78,100,0.87
17,Isabela,PH,2022-07-07 01:26:13,6.7085,121.9711,77.05,73,100,5.32
18,Yellowknife,CA,2022-07-07 01:22:36,62.456,-114.3525,72.12,40,75,8.05
19,Sept-Iles,CA,2022-07-07 01:22:35,50.2001,-66.3821,59.0,70,20,4.61
20,Qaanaaq,GL,2022-07-07 01:22:36,77.484,-69.3632,39.76,95,100,1.3
21,Cherskiy,RU,2022-07-07 01:26:13,68.75,161.3,54.88,50,100,5.61
22,Nishihara,JP,2022-07-07 01:26:13,26.1842,127.7558,86.05,79,75,10.36
23,Ribeira Grande,PT,2022-07-07 01:23:47,38.5167,-28.7,66.49,81,100,14.0
24,Petropavlovsk-Kamchatskiy,RU,2022-07-07 01:26:14,53.0452,158.6483,68.59,60,75,6.71
25,Zapadnaya Dvina,RU,2022-07-07 01:26:14,56.259,32.0745,62.2,98,100,7.16
26,Cockburn Town,TC,2022-07-07 01:26:14,21.4612,-71.1419,81.97,79,0,21.94
27,Chuy,UY,2022-07-07 01:24:58,-33.6971,-53.4616,59.85,97,100,11.59
28,Kokopo,PG,2022-07-07 01:26:15,-4.352,152.2633,85.57,61,100,11.9
29,Jutai,BR,2022-07-07 01:26:15,-5.1833,-68.9,74.26,93,89,1.41
30,Sao Jose Da Coroa Grande,BR,2022-07-07 01:26:15,-8.8978,-35.1478,75.25,87,0,11.36
31,Soyo,AO,2022-07-07 01:26:16,-6.1349,12.3689,69.21,85,29,5.37
32,Togul,RU,2022-07-07 01:26:16,53.465,85.9128,58.93,95,98,7.61
33,Kaitangata,NZ,2022-07-07 01:21:27,-46.2817,169.8464,47.73,66,100,1.79
34,Atuona,PF,2022-07-07 01:20:14,-9.8,-139.0333,77.67,80,25,24.25
35,Kirakira,SB,2022-07-07 01:26:16,-10.4544,161.9205,83.05,76,95,11.3
36,Shitanjing,CN,2022-07-07 01:26:17,39.2342,106.3439,81.18,25,43,10.83
37,Klaksvik,FO,2022-07-07 01:26:17,62.2266,-6.589,45.52,86,100,12.1
38,Georgetown,MY,2022-07-07 01:22:43,5.4112,100.3354,85.93,78,20,5.75
39,Labuhan,ID,2022-07-07 01:26:17,-6.8844,112.2051,78.21,80,73,9.1
40,Grafton,US,2022-07-07 01:26:17,42.207,-71.6856,72.82,72,0,4.61
41,Port Lincoln,AU,2022-07-07 01:26:18,-34.7333,135.8667,55.81,66,100,11.88
42,Nemuro,JP,2022-07-07 01:26:18,43.3236,145.575,56.32,92,78,7.16
43,Tatarsk,RU,2022-07-07 01:26:18,55.219,75.9828,59.88,94,93,3.85
44,Upernavik,GL,2022-07-07 01:24:58,72.7868,-56.1549,40.6,81,8,2.93
45,Vanimo,PG,2022-07-07 01:26:19,-2.6741,141.3028,85.33,66,82,4.52
46,New Norfolk,AU,2022-07-07 01:23:41,-42.7826,147.0587,54.88,77,5,5.01
47,Dryden,CA,2022-07-07 01:25:05,49.7833,-92.7503,71.89,53,75,9.22
48,Kidal,ML,2022-07-07 01:27:19,18.4411,1.4078,87.69,35,47,6.26
49,Urumqi,CN,2022-07-07 01:27:19,43.801,87.6005,70.75,38,0,4.47
50,Tual,ID,2022-07-07 01:27:20,-5.6667,132.75,78.58,79,100,16.84
51,Busselton,AU,2022-07-07 01:20:05,-33.65,115.3333,50.77,86,100,13.18
52,Byron Bay,AU,2022-07-07 01:27:20,-28.65,153.6167,69.71,74,94,8.21
53,Rio Gallegos,AR,2022-07-07 01:27:20,-51.6226,-69.2181,23.05,100,75,1.14
54,Puerto Ayora,EC,2022-07-07 01:20:16,-0.7393,-90.3518,69.55,94,56,10.71
55,Mataura,NZ,2022-07-07 01:22:30,-46.1927,168.8643,46.47,68,100,3.33
56,Tiarei,PF,2022-07-07 01:23:12,-17.5333,-149.3333,80.62,76,26,9.01
57,Clyde River,CA,2022-07-07 01:24:54,70.4692,-68.5914,48.43,76,40,8.05
58,Tiksi,RU,2022-07-07 01:24:35,71.6872,128.8694,41.7,74,100,3.96
59,Scarborough,GB,2022-07-07 01:27:21,54.2797,-0.4044,56.91,83,7,5.01
60,Rikitea,PF,2022-07-07 01:20:07,-23.1203,-134.9692,74.75,73,21,18.28
61,Khasan,RU,2022-07-07 01:27:21,42.4308,130.6434,64.53,100,100,4.63
62,Beringovskiy,RU,2022-07-07 01:23:43,63.05,179.3167,48.61,79,57,6.02
63,Tuktoyaktuk,CA,2022-07-07 01:27:21,69.4541,-133.0374,69.8,52,20,8.05
64,Bengkulu,ID,2022-07-07 01:24:37,-3.8004,102.2655,79.56,79,44,5.28
65,Barrow,US,2022-07-07 01:21:28,71.2906,-156.7887,51.82,82,20,13.8
66,Ati,TD,2022-07-07 01:27:22,13.2154,18.3353,85.19,51,18,11.7
67,Timra,SE,2022-07-07 01:27:22,62.487,17.3257,57.67,67,100,6.91
68,Cape Town,ZA,2022-07-07 01:19:12,-33.9258,18.4232,53.11,81,40,3.44
69,Khatanga,RU,2022-07-07 01:27:22,71.9667,102.5,44.19,88,100,15.39
70,Chivay,PE,2022-07-07 01:27:22,-15.6383,-71.6011,46.49,39,64,5.12
71,Evensk,RU,2022-07-07 01:27:23,61.95,159.2333,50.04,95,100,10.04
72,Limbuhan,PH,2022-07-07 01:27:23,11.8838,124.0501,83.93,74,30,8.81
73,Mayskiy,RU,2022-07-07 01:27:23,47.6931,40.1025,69.21,44,0,7.4
74,Oneonta,US,2022-07-07 01:27:24,42.4529,-75.0638,67.3,87,3,3.56
75,Kapaa,US,2022-07-07 01:20:13,22.0752,-159.319,82.72,74,20,12.66
76,Punta Arenas,CL,2022-07-07 01:27:24,-53.15,-70.9167,28.51,86,0,8.05
77,Jamestown,US,2022-07-07 01:21:21,42.097,-79.2353,69.39,81,0,9.22
78,Alofi,NU,2022-07-07 01:25:01,-19.0595,-169.9187,78.69,61,75,16.11
79,La Ronge,CA,2022-07-07 01:27:24,55.1001,-105.2842,70.02,40,20,8.05
80,Lompoc,US,2022-07-07 01:20:07,34.6391,-120.4579,77.68,71,0,21.0
81,Butaritari,KI,2022-07-07 01:23:43,3.0707,172.7902,82.54,76,98,21.61
82,Mendi,PG,2022-07-07 01:27:25,-6.1761,143.6513,63.84,83,100,2.26
83,Yining,CN,2022-07-07 01:27:25,29.0361,114.5636,82.02,89,38,1.1
84,Marystown,CA,2022-07-07 01:27:25,47.1666,-55.1483,58.86,100,100,16.33
85,Saint-Philippe,RE,2022-07-07 01:27:25,-21.3585,55.7679,67.21,73,57,10.58
86,Kukushtan,RU,2022-07-07 01:27:26,57.6464,56.4952,55.02,96,5,2.75
87,Rawson,AR,2022-07-07 01:27:26,-43.3002,-65.1023,44.71,56,98,26.96
88,Arraial Do Cabo,BR,2022-07-07 01:23:48,-22.9661,-42.0278,70.23,86,0,23.96
89,Chumikan,RU,2022-07-07 01:27:26,54.7183,135.315,73.06,68,27,8.08
90,Arkhangelsk,RU,2022-07-07 01:27:19,64.5401,40.5433,59.11,82,40,4.47
91,San Patricio,US,2022-07-07 01:27:27,28.017,-97.5169,87.89,64,2,14.54
92,Ekibastuz,KZ,2022-07-07 01:27:27,51.6667,75.3667,64.87,55,30,10.02
93,Hermanus,ZA,2022-07-07 01:20:06,-34.4187,19.2345,52.63,73,11,7.99
94,Hobart,AU,2022-07-07 01:15:29,-42.8794,147.3294,54.23,72,5,3.0
95,Guerrero Negro,MX,2022-07-07 01:23:47,27.9769,-114.0611,70.41,75,0,18.21
96,Iqaluit,CA,2022-07-07 01:28:27,63.7506,-68.5145,38.93,86,75,4.61
97,Pisco,PE,2022-07-07 01:21:22,-13.7,-76.2167,60.85,82,2,4.61
98,Wagar,SD,2022-07-07 01:28:28,16.1525,36.2032,86.45,48,100,13.78
99,Kiama,AU,2022-07-07 01:28:28,-34.6833,150.8667,62.01,83,97,5.01
100,Ponot,PH,2022-07-07 01:28:28,8.452,123.0222,83.61,72,100,4.05
101,Fare,PF,2022-07-07 01:28:29,-16.7,-151.0167,79.12,67,0,8.05
102,Bubaque,GW,2022-07-07 01:28:29,11.2833,-15.8333,80.64,79,10,11.83
103,Dingle,PH,2022-07-07 01:28:29,10.9995,122.6711,82.18,80,95,3.09
104,Grand Gaube,MU,2022-07-07 01:24:56,-20.0064,57.6608,70.2,61,82,3.0
105,Atar,MR,2022-07-07 01:20:08,20.5169,-13.0499,96.78,13,95,5.3
106,Labuan,MY,2022-07-07 01:28:29,5.2767,115.2417,82.76,83,20,2.3
107,Port Alfred,ZA,2022-07-07 01:23:49,-33.5906,26.891,59.2,78,0,8.19
108,Bocana De Paiwas,NI,2022-07-07 01:28:30,12.7857,-85.1227,72.61,92,80,4.74
109,Conceicao Da Barra,BR,2022-07-07 01:28:30,-18.5933,-39.7322,70.16,84,0,5.23
110,Hamilton,US,2022-07-07 01:28:30,39.1834,-84.5333,77.04,95,75,5.75
111,Zeya,RU,2022-07-07 01:28:30,53.75,127.2667,67.71,96,100,9.46
112,Pevek,RU,2022-07-07 01:21:28,69.7008,170.3133,33.58,87,37,13.96
113,Pangnirtung,CA,2022-07-07 01:23:48,66.1451,-65.7125,45.39,77,89,3.65
114,Castro,BR,2022-07-07 01:22:37,-24.7911,-50.0119,55.4,71,100,3.51
115,Severo-Kurilsk,RU,2022-07-07 01:28:31,50.6789,156.125,55.08,68,100,10.07
116,Coahuayana,MX,2022-07-07 01:28:31,18.7333,-103.6833,81.79,81,100,2.8
117,Bredasdorp,ZA,2022-07-07 01:20:12,-34.5322,20.0403,46.51,82,24,4.99
118,Lebu,CL,2022-07-07 01:28:31,-37.6167,-73.65,46.9,76,74,4.9
119,Bluff,NZ,2022-07-07 01:22:32,-46.6,168.3333,46.8,74,100,4.36
120,Bowmore,US,2022-07-07 01:28:24,34.9421,-79.3031,91.31,71,100,21.85
121,Bose,IT,2022-07-07 01:28:32,45.4612,8.0137,68.22,64,100,6.51
122,Pipar,IN,2022-07-07 01:28:32,26.3856,73.5378,84.94,71,12,7.58
123,Manta,EC,2022-07-07 01:28:32,-0.95,-80.7333,71.38,83,75,8.05
124,Katangli,RU,2022-07-07 01:28:32,51.7102,143.2326,73.78,64,100,7.92
125,Lavrentiya,RU,2022-07-07 01:28:33,65.5833,-171.0,49.86,84,100,5.64
126,Tautira,PF,2022-07-07 01:28:33,-17.7333,-149.15,77.43,77,2,11.5
127,Te Anau,NZ,2022-07-07 01:28:33,-45.4167,167.7167,40.15,83,100,1.19
128,Salisbury,GB,2022-07-07 01:28:34,51.0693,-1.7957,62.69,86,75,10.36
129,Namibe,AO,2022-07-07 01:20:07,-15.1961,12.1522,65.5,83,0,3.83
130,Kutum,SD,2022-07-07 01:28:34,14.2,24.6667,80.91,40,33,8.03
131,Malanje,AO,2022-07-07 01:28:34,-9.5402,16.341,61.59,38,51,2.24
132,Oranjemund,NA,2022-07-07 01:28:34,-28.55,16.4333,51.19,75,0,3.6
133,Sidi Ali,DZ,2022-07-07 01:28:35,36.0998,0.4206,72.54,90,100,3.76
134,Ixtapa,MX,2022-07-07 01:28:35,20.7,-105.2,83.23,83,75,4.61
135,Adrar,MR,2022-07-07 01:20:10,20.5022,-10.0711,98.67,9,5,9.46
136,Half Moon Bay,US,2022-07-07 01:28:35,37.4636,-122.4286,76.53,72,100,20.71
137,Kavieng,PG,2022-07-07 01:28:35,-2.5744,150.7967,83.16,73,98,9.42
138,Souillac,MU,2022-07-07 01:28:36,-20.5167,57.5167,70.18,60,75,11.5
139,Santa Cecilia,BR,2022-07-07 01:26:03,-26.9608,-50.4269,51.48,83,100,3.49
140,Geraldton,AU,2022-07-07 01:24:52,-28.7667,114.6,55.81,88,0,13.8
141,Dikson,RU,2022-07-07 01:21:25,73.5069,80.5464,33.1,87,13,4.21
142,Medvedovskaya,RU,2022-07-07 01:29:36,45.4531,39.0258,70.02,45,0,9.51
143,Belaya Gora,RU,2022-07-07 01:29:36,68.5333,146.4167,58.46,52,100,13.96
144,Alice Springs,AU,2022-07-07 01:26:19,-23.7,133.8833,53.15,35,0,10.36
145,Paveh,IR,2022-07-07 01:29:37,35.0434,46.3565,66.29,43,0,6.62
146,Shahr-E Babak,IR,2022-07-07 01:29:37,30.1165,55.1186,73.11,25,4,6.2
147,Macapa,BR,2022-07-07 01:24:47,0.0389,-51.0664,78.78,89,0,5.75
148,Tilichiki,RU,2022-07-07 01:29:37,60.4667,166.1,51.87,92,100,4.65
149,Gilgit,PK,2022-07-07 01:29:38,35.9221,74.3087,82.09,62,57,2.95
150,Tikapur,NP,2022-07-07 01:29:38,28.5,81.1333,86.45,68,75,3.13
151,Kabalo,CD,2022-07-07 01:29:38,-6.05,26.9167,69.01,41,5,4.03
152,Karratha,AU,2022-07-07 01:29:38,-20.7377,116.8463,63.43,21,5,17.18
153,Calama,CL,2022-07-07 01:29:39,-22.4667,-68.9333,57.69,6,100,11.5
154,Wabag,PG,2022-07-07 01:29:39,-5.4781,143.7021,63.54,85,100,2.39
155,Baykit,RU,2022-07-07 01:29:39,61.67,96.37,59.09,93,100,2.84
156,Bethel,US,2022-07-07 01:29:39,41.3712,-73.414,76.87,76,0,0.0
157,Carnarvon,AU,2022-07-07 01:23:50,-24.8667,113.6333,63.77,28,0,11.12
158,Cabo San Lucas,MX,2022-07-07 01:21:24,22.8909,-109.9124,97.9,29,0,11.5
159,Malinovoye Ozero,RU,2022-07-07 01:29:40,51.6753,79.7825,66.04,48,47,2.53
160,Marsh Harbour,BS,2022-07-07 01:29:40,26.5412,-77.0636,82.13,72,42,11.48
161,Ilulissat,GL,2022-07-07 01:27:09,69.2167,-51.1,41.02,93,75,4.61
162,Balykshi,KZ,2022-07-07 01:29:40,47.0667,51.8667,59.0,67,0,0.0
163,Cocorit,MX,2022-07-07 01:29:41,27.5833,-109.9667,91.74,44,12,13.11
164,Shubarshi,KZ,2022-07-07 01:29:41,48.5872,57.1869,58.59,76,65,7.54
165,Belmonte,BR,2022-07-07 01:29:41,-15.8631,-38.8828,71.76,84,58,7.83
166,Oistins,BB,2022-07-07 01:29:41,13.0667,-59.5333,80.69,78,40,18.41
167,Saint George,US,2022-07-07 01:28:00,37.1041,-113.5841,99.63,11,0,14.97
168,Port Elizabeth,ZA,2022-07-07 01:20:16,-33.918,25.5701,48.49,93,0,4.61
169,Codrington,AU,2022-07-07 01:23:40,-38.2667,141.9667,54.55,62,58,16.82
170,Gander,CA,2022-07-07 01:25:14,48.9682,-54.5906,57.33,100,100,8.05
171,San Quintin,MX,2022-07-07 01:24:53,30.4833,-115.95,69.15,78,27,16.55
172,Barzas,RU,2022-07-07 01:29:42,55.7167,86.3167,58.73,97,100,3.91
173,Luanda,AO,2022-07-07 01:29:42,-8.8368,13.2343,71.6,78,75,5.75
174,Verkhoyansk,RU,2022-07-07 01:29:43,67.5447,133.385,52.23,84,100,2.89
175,Richards Bay,ZA,2022-07-07 01:29:43,-28.783,32.0377,61.63,90,0,3.4
176,Sao Filipe,CV,2022-07-07 01:20:12,14.8961,-24.4956,74.97,85,90,9.71
177,Nanakuli,US,2022-07-07 01:29:43,21.3906,-158.1547,84.15,61,100,9.22
178,Sabang,ID,2022-07-07 01:29:44,5.8933,95.3214,82.62,74,95,6.76
179,Ciudad Bolivar,VE,2022-07-07 01:29:44,8.1222,-63.5497,80.13,71,61,10.4
180,Avarua,CK,2022-07-07 01:21:20,-21.2078,-159.775,75.25,57,59,6.91
181,Nanortalik,GL,2022-07-07 01:22:32,60.1432,-45.2371,44.58,93,100,10.11
182,Shingu,JP,2022-07-07 01:25:56,33.7333,135.9833,80.35,77,63,5.32
183,Miri,MY,2022-07-07 01:29:44,4.4148,114.0089,84.34,79,20,6.91
184,Khorramshahr,IR,2022-07-07 01:29:44,30.4397,48.1664,91.36,18,0,9.22
185,Sitka,US,2022-07-07 01:22:33,57.0531,-135.33,58.89,82,100,4.61
186,Estelle,US,2022-07-07 01:29:45,29.8458,-90.1067,84.2,75,75,1.01
187,Faya,SA,2022-07-07 01:29:45,18.3851,42.4509,66.31,28,99,1.79
188,Aswan,EG,2022-07-07 01:29:45,24.0934,32.907,87.4,21,8,8.95
189,Oxford,GB,2022-07-07 01:28:08,51.7522,-1.256,64.26,80,100,6.91
190,Cibitoke,BI,2022-07-07 01:30:46,-2.8833,29.25,57.96,83,9,3.67
191,Tezu,IN,2022-07-07 01:30:46,27.9167,96.1667,83.75,87,59,0.34
192,Amparafaravola,MG,2022-07-07 01:30:46,-17.5833,48.2167,57.63,90,99,6.69
193,Esperance,AU,2022-07-07 01:30:46,-33.8667,121.9,56.91,81,86,14.14
194,Coos Bay,US,2022-07-07 01:26:34,43.3665,-124.2179,66.31,89,100,10.36
195,Ngunguru,NZ,2022-07-07 01:30:47,-35.6167,174.5,59.61,91,100,19.39
196,Warrington,GB,2022-07-07 01:30:47,53.3925,-2.5802,59.86,86,100,13.8
197,Lorengau,PG,2022-07-07 01:30:47,-2.0226,147.2712,83.66,75,100,9.95
198,Slave Lake,CA,2022-07-07 01:30:19,55.2834,-114.769,66.18,59,75,12.66
199,Salalah,OM,2022-07-07 01:28:21,17.0151,54.0924,77.09,100,100,3.44
200,Victoria,HK,2022-07-07 01:22:35,22.2855,114.1577,89.19,86,96,8.99
201,Norman Wells,CA,2022-07-07 01:30:48,65.282,-126.8329,86.04,28,40,8.05
202,Kodiak,US,2022-07-07 01:21:22,57.79,-152.4072,58.51,82,100,10.36
203,Takaka,NZ,2022-07-07 01:30:48,-40.85,172.8,53.56,77,100,2.71
204,Tarazona,ES,2022-07-07 01:30:48,41.9,-1.7333,60.62,53,78,13.73
205,Sorland,NO,2022-07-07 01:22:36,67.667,12.6934,49.86,74,100,12.41
206,Campana,AR,2022-07-07 01:30:49,-34.1687,-58.9591,57.02,98,88,5.37
207,Sable-Sur-Sarthe,FR,2022-07-07 01:30:49,47.8376,-0.3329,62.85,93,10,6.06
208,Constitucion,CL,2022-07-07 01:30:49,-35.3333,-72.4167,47.86,82,20,3.96
209,Aklavik,CA,2022-07-07 01:30:50,68.2191,-135.0107,87.15,27,6,7.99
210,Bilma,NE,2022-07-07 01:30:37,18.6853,12.9164,87.35,16,0,12.5
211,Broome,US,2022-07-07 01:30:50,42.2506,-75.833,68.79,83,0,8.05
212,Quatre Cocos,MU,2022-07-07 01:30:50,-20.2078,57.7625,69.91,72,100,15.59
213,Imbituba,BR,2022-07-07 01:21:31,-28.24,-48.6703,67.86,96,100,8.9
214,Zaysan,KZ,2022-07-07 01:30:51,47.4667,84.8667,76.17,27,0,2.08
215,Sars,RU,2022-07-07 01:30:51,56.5502,57.1366,53.46,94,1,4.29
216,Saskylakh,RU,2022-07-07 01:30:51,71.9167,114.0833,61.5,41,89,10.42
217,Vila Franca Do Campo,PT,2022-07-07 01:23:43,37.7167,-25.4333,68.2,76,52,7.45
218,Sabinas,MX,2022-07-07 01:30:51,27.85,-101.1167,92.43,29,0,12.75
219,Vila Velha,BR,2022-07-07 01:30:52,-20.3297,-40.2925,71.55,88,20,8.05
220,Manama,BH,2022-07-07 01:28:52,26.2154,50.5832,92.34,66,0,3.44
221,Lovozero,RU,2022-07-07 01:30:52,68.005,35.0117,60.28,64,100,6.71
222,Fortuna,US,2022-07-07 01:30:52,40.5982,-124.1573,64.85,83,100,1.99
223,Kenai,US,2022-07-07 01:30:52,60.5544,-151.2583,64.02,79,40,9.22
224,Florianopolis,BR,2022-07-07 01:30:53,-27.6146,-48.5012,66.42,85,0,13.8
225,Gweta,BW,2022-07-07 01:30:53,-20.1833,25.2333,56.07,47,0,6.82
226,Kisangani,CD,2022-07-07 01:30:53,0.5167,25.2,71.8,78,3,1.12
227,Gornopravdinsk,RU,2022-07-07 01:30:54,60.05,69.9,62.13,60,100,3.42
228,Makakilo City,US,2022-07-07 01:23:48,21.3469,-158.0858,82.72,58,100,16.11
229,Seymchan,RU,2022-07-07 01:30:54,62.8833,152.4333,83.77,50,20,7.74
230,Iracoubo,GF,2022-07-07 01:30:54,5.4802,-53.2011,77.2,80,95,8.66
231,Srednekolymsk,RU,2022-07-07 01:30:54,67.45,153.6833,61.86,39,99,11.65
232,La Sarre,CA,2022-07-07 01:30:55,48.8002,-79.1996,50.9,69,57,2.64
233,Pueblo Bello,CO,2022-07-07 01:30:55,8.2041,-76.526,75.07,95,100,0.2
234,Katakwi,UG,2022-07-07 01:31:55,1.8911,33.9661,61.84,76,25,2.71
235,Tateyama,JP,2022-07-07 01:31:56,34.9833,139.8667,76.64,82,100,8.5
236,Camacha,PT,2022-07-07 01:28:07,33.0833,-16.3333,65.62,68,75,9.22
237,Krasnoarmeysk,RU,2022-07-07 01:31:56,51.0239,45.6969,60.55,67,0,4.65
238,Bathurst,AU,2022-07-07 01:30:14,-33.4166,149.5806,56.71,63,51,3.0
239,Dongsheng,CN,2022-07-07 01:31:56,39.8161,109.9776,82.24,25,0,18.75
240,Tasiilaq,GL,2022-07-07 01:27:17,65.6145,-37.6368,41.16,80,100,2.15
241,Honningsvag,NO,2022-07-07 01:31:56,70.9821,25.9704,49.75,93,100,1.14
242,Elko,US,2022-07-07 01:30:15,41.0002,-115.5012,88.74,15,96,11.01
243,Amahai,ID,2022-07-07 01:31:57,-3.3333,128.9167,79.57,84,93,5.75
244,Bambous Virieux,MU,2022-07-07 01:24:54,-20.3428,57.7575,70.05,60,75,11.5
245,Provideniya,RU,2022-07-07 01:31:57,64.3833,-173.3,50.36,93,100,8.99
246,Nouadhibou,MR,2022-07-07 01:31:57,20.931,-17.0347,69.78,83,0,24.16
247,Beloha,MG,2022-07-07 01:31:58,-25.1667,45.05,62.22,74,0,1.99
248,Nantucket,US,2022-07-07 01:31:58,41.2835,-70.0995,71.65,79,75,8.05
249,Harbour Breton,CA,2022-07-07 01:31:58,47.4833,-55.7983,56.79,95,100,15.66
250,Tuatapere,NZ,2022-07-07 01:28:07,-46.1333,167.6833,46.36,72,100,4.5
251,Manacapuru,BR,2022-07-07 01:31:58,-3.2997,-60.6206,76.06,84,5,2.51
252,Rio Bueno,CL,2022-07-07 01:31:59,-40.3167,-72.9667,42.12,94,100,3.83
253,Ariquemes,BR,2022-07-07 01:31:59,-9.9133,-63.0408,73.36,61,1,2.01
254,Luang Prabang,LA,2022-07-07 01:31:59,19.8856,102.1347,84.22,74,97,1.39
255,Victor Harbor,AU,2022-07-07 01:32:00,-35.5667,138.6167,57.0,74,67,3.0
256,Ambilobe,MG,2022-07-07 01:32:00,-13.2,49.05,61.34,85,1,4.36
257,Tura,IN,2022-07-07 01:32:00,25.5198,90.2201,81.93,76,9,3.47
258,Mahebourg,MU,2022-07-07 01:32:00,-20.4081,57.7,70.09,60,75,11.5
259,Carauari,BR,2022-07-07 01:32:01,-4.8828,-66.8958,73.11,94,78,1.39
260,Manakara,MG,2022-07-07 01:32:01,-22.1333,48.0167,63.36,86,55,3.58
261,La Rioja,ES,2022-07-07 01:32:01,42.25,-2.5,51.58,78,82,4.65
262,Qaqortoq,GL,2022-07-07 01:32:01,60.7167,-46.0333,45.0,93,100,1.7
263,Nikolskoye,RU,2022-07-07 01:32:02,59.7035,30.7861,60.8,93,100,2.8
264,Znamenka,RU,2022-07-07 01:32:02,52.4167,41.4311,60.89,69,88,6.04
265,Marzuq,YE,2022-07-07 01:32:03,14.4,46.4667,80.55,28,100,4.43
266,Golden,US,2022-07-07 01:32:03,39.7555,-105.2211,68.95,75,75,7.0
267,Dunedin,NZ,2022-07-07 01:30:05,-45.8742,170.5036,46.8,71,100,3.0
268,Acapulco,MX,2022-07-07 01:31:12,16.8634,-99.8901,84.02,79,40,5.75
269,Bonito,BR,2022-07-07 01:32:03,-21.1211,-56.4819,65.61,41,6,4.68
270,Talnakh,RU,2022-07-07 01:32:04,69.4865,88.3972,51.21,81,94,13.35
271,Patrasaer,IN,2022-07-07 01:32:04,23.2167,87.5167,86.13,69,72,5.77
272,Poum,NC,2022-07-07 01:32:04,-20.2333,164.0167,77.4,88,93,21.54
273,Saint-Pierre,RE,2022-07-07 01:32:05,-21.3393,55.4781,66.9,63,100,5.75
274,Pacific Grove,US,2022-07-07 01:32:05,36.6177,-121.9166,74.01,82,20,11.5
275,Edson,CA,2022-07-07 01:30:15,53.5835,-116.4356,66.34,59,40,9.22
276,Hofn,IS,2022-07-07 01:28:51,64.2539,-15.2082,50.13,98,100,12.37
277,Tselinnoye,RU,2022-07-07 01:33:05,53.0833,85.6667,58.14,96,98,8.41
278,Cabedelo,BR,2022-07-07 01:28:39,-6.9811,-34.8339,74.07,87,53,12.66
279,Lae,PG,2022-07-07 01:33:06,-6.7221,146.9847,85.05,65,98,6.85
280,Warri,NG,2022-07-07 01:33:06,5.5167,5.75,74.34,97,100,3.44
281,Ponta Do Sol,PT,2022-07-07 01:33:06,32.6667,-17.1,70.0,74,0,3.62
282,Port Blair,IN,2022-07-07 01:33:07,11.6667,92.75,77.04,94,100,2.3
283,Naze,JP,2022-07-07 01:33:07,28.3667,129.4833,79.72,79,100,8.79
284,Smithers,CA,2022-07-07 01:30:11,54.7804,-127.1743,62.92,77,75,2.3
285,Teluknaga,ID,2022-07-07 01:33:07,-6.0989,106.6381,87.19,92,20,3.44
286,Vestmanna,FO,2022-07-07 01:33:08,62.1564,-7.1664,43.72,87,100,6.91
287,Balkhash,KZ,2022-07-07 01:33:08,46.844,74.9804,77.61,38,20,4.47
288,Elliot Lake,CA,2022-07-07 01:33:08,46.3834,-82.6331,55.47,83,38,2.51
289,Moyo,UG,2022-07-07 01:33:08,3.6609,31.7247,64.35,82,100,1.34
290,Touros,BR,2022-07-07 01:33:09,-5.1989,-35.4608,74.07,94,54,10.49
291,Klyuchi,RU,2022-07-07 01:33:09,52.2667,79.1667,66.81,59,61,2.57
292,Mehamn,NO,2022-07-07 01:33:09,71.0357,27.8492,53.55,87,75,3.44
293,Mount Gambier,AU,2022-07-07 01:33:10,-37.8333,140.7667,52.95,63,72,10.07
294,Vardo,NO,2022-07-07 01:24:57,70.3705,31.1107,49.98,87,20,9.22
295,Thunder Bay,CA,2022-07-07 01:30:14,48.4001,-89.3168,66.11,48,20,6.91
296,Foster,US,2022-07-07 01:33:10,41.8537,-71.7581,72.12,73,96,4.5
297,Ferry Pass,US,2022-07-07 01:33:10,30.5102,-87.2125,84.69,83,1,5.88
298,Najran,SA,2022-07-07 01:33:11,17.4924,44.1277,83.05,24,98,7.27
299,Lagos,NG,2022-07-07 01:32:21,6.5833,3.75,77.32,93,99,3.8
300,Comodoro Rivadavia,AR,2022-07-07 01:32:46,-45.8667,-67.5,37.26,81,75,16.11
301,Yulin,CN,2022-07-07 01:33:11,22.6333,110.15,77.11,95,100,5.12
302,Takoradi,GH,2022-07-07 01:33:11,4.8845,-1.7554,75.63,89,93,6.67
303,Katsuura,JP,2022-07-07 01:33:11,35.1333,140.3,76.55,82,93,13.82
304,Marsala,IT,2022-07-07 01:33:12,37.7966,12.4352,75.88,68,0,5.75
305,Kununurra,AU,2022-07-07 01:32:49,-15.7667,128.7333,69.78,30,5,18.41
306,Rocha,UY,2022-07-07 01:31:52,-34.4833,-54.3333,62.04,93,100,16.02
307,Pindushi,RU,2022-07-07 01:33:12,62.9152,34.58,57.0,79,100,4.41
308,Leningradskiy,RU,2022-07-07 01:33:13,69.3833,178.4167,34.88,91,100,12.88
309,San Juan,AR,2022-07-07 01:33:13,-31.5375,-68.5364,57.92,18,18,22.97
310,Laguna,US,2022-07-07 01:33:13,38.421,-121.4238,84.4,51,0,13.8
311,Komsomolskiy,UZ,2022-07-07 01:33:13,40.4272,71.7189,81.32,19,0,13.8
312,Hirara,JP,2022-07-07 01:30:43,24.8,125.2833,87.66,79,40,14.97
313,Hithadhoo,MV,2022-07-07 01:33:14,-0.6,73.0833,82.06,76,64,10.13
314,Pringsewu,ID,2022-07-07 01:33:14,-5.3582,104.9744,81.36,79,10,1.72
315,Alyangula,AU,2022-07-07 01:33:14,-13.8483,136.4192,73.92,57,28,12.84
316,Airai,TL,2022-07-07 01:29:26,-8.9266,125.4092,61.77,64,100,2.59
317,Puerto Asis,CO,2022-07-07 01:33:14,0.5133,-76.5007,69.98,93,31,0.89
318,Marawi,PH,2022-07-07 01:33:15,7.9986,124.2928,81.07,64,63,5.88
319,Nandu,CN,2022-07-07 01:33:15,22.8525,110.8233,76.86,97,100,3.04
320,Maloy,NO,2022-07-07 01:33:15,61.9353,5.1136,49.73,83,96,16.55
321,Ancud,CL,2022-07-07 01:29:26,-41.8697,-73.8203,41.23,78,100,14.05
322,Puerto Escondido,MX,2022-07-07 01:33:16,15.85,-97.0667,80.55,79,81,1.45
323,Arrifes,PT,2022-07-07 01:33:16,37.7667,-25.7,66.24,72,68,7.72
324,Fukue,JP,2022-07-07 01:34:16,32.6881,128.8419,80.96,94,75,8.05
325,Longyearbyen,SJ,2022-07-07 01:24:52,78.2186,15.6401,40.84,60,20,13.8
326,Kloulklubed,PW,2022-07-07 01:34:17,7.0419,134.2556,75.7,70,98,7.36
327,Okahandja,NA,2022-07-07 01:34:17,-21.9833,16.9167,54.41,37,0,7.25
328,Tabou,CI,2022-07-07 01:34:17,4.423,-7.3528,75.94,84,92,8.05
329,Pinhao,BR,2022-07-07 01:34:18,-25.6956,-51.6597,54.01,81,100,5.26
330,Guiratinga,BR,2022-07-07 01:34:18,-16.3494,-53.7583,65.34,43,3,4.7
331,Aksu,CN,2022-07-07 01:31:48,41.1231,80.2644,87.01,21,5,12.37
332,Huarmey,PE,2022-07-07 01:34:18,-10.0681,-78.1522,62.19,84,72,6.93
333,Tianpeng,CN,2022-07-07 01:34:19,30.9866,103.9393,88.27,53,0,3.38
334,Skjervoy,NO,2022-07-07 01:34:19,70.0311,20.9714,48.2,82,84,1.77
335,Bathsheba,BB,2022-07-07 01:30:39,13.2167,-59.5167,81.21,89,40,18.41
336,Saint-Francois,FR,2022-07-07 01:34:19,46.4154,3.9054,51.24,93,0,1.14
337,San Lawrenz,MT,2022-07-07 01:34:20,36.0553,14.204,80.01,86,3,3.0
338,Puerto Baquerizo Moreno,EC,2022-07-07 01:34:20,-0.9,-89.6,70.86,81,68,12.77
339,Necochea,AR,2022-07-07 01:30:06,-38.5473,-58.7368,51.49,71,100,12.15
340,Codajas,BR,2022-07-07 01:34:20,-3.8367,-62.0569,74.71,84,12,2.17
341,Carutapera,BR,2022-07-07 01:34:20,-1.195,-46.02,73.31,93,15,4.94
342,Havoysund,NO,2022-07-07 01:34:21,70.9963,24.6622,50.23,93,100,5.35
343,Sharkan,RU,2022-07-07 01:34:21,57.2989,53.8712,59.95,87,84,6.93
344,Sola,VU,2022-07-07 01:34:21,-13.8833,167.55,80.87,76,100,17.34
345,Eyl,SO,2022-07-07 01:32:57,7.9803,49.8164,77.77,65,9,33.31
346,Puerto Leguizamo,CO,2022-07-07 01:34:22,-0.1934,-74.7819,70.36,98,96,1.12
347,Yekepa,LR,2022-07-07 01:34:22,7.5753,-8.5419,67.51,100,66,2.62
348,Kavaratti,IN,2022-07-07 01:34:22,10.5669,72.642,81.28,83,100,18.92
349,Chuncheng,CN,2022-07-07 01:34:22,22.1731,111.7886,81.68,87,100,0.13
350,Hasaki,JP,2022-07-07 01:34:23,35.7333,140.8333,77.29,84,13,18.59
351,Samarai,PG,2022-07-07 01:29:26,-10.6167,150.6667,82.8,76,25,10.13
352,Krasnogorsk,RU,2022-07-07 01:34:23,55.8225,37.3181,69.96,83,0,6.71
353,Reyes,BO,2022-07-07 01:34:23,-14.3167,-67.3833,74.41,65,21,0.38
354,Stevens Point,US,2022-07-07 01:30:46,44.5236,-89.5746,73.45,73,40,3.44
355,Nome,US,2022-07-07 01:33:18,64.5011,-165.4064,64.17,59,100,5.75
356,Baturaja,ID,2022-07-07 01:34:24,-4.1333,104.1667,80.74,79,27,3.22
357,Enumclaw,US,2022-07-07 01:30:23,47.2043,-121.9915,72.12,76,100,4.0
358,Cidreira,BR,2022-07-07 01:34:24,-30.1811,-50.2056,64.02,88,100,3.65
359,Nalut,LY,2022-07-07 01:34:24,30.3333,10.85,83.37,17,0,8.32
360,Chokurdakh,RU,2022-07-07 01:24:56,70.6333,147.9167,61.86,35,89,13.62
361,Ajdabiya,LY,2022-07-07 01:34:25,30.7554,20.2263,77.67,72,0,7.49
362,Lindi,TZ,2022-07-07 01:34:25,-10.0,39.7167,66.09,94,56,4.97
363,Oskarshamn,SE,2022-07-07 01:34:25,57.2645,16.4484,50.52,77,96,6.82
364,Boa Vista,BR,2022-07-07 01:34:25,2.8197,-60.6733,76.98,83,75,11.5
365,Puerto Colombia,CO,2022-07-07 01:34:26,10.9878,-74.9547,80.69,83,26,13.98
366,Innisfail,AU,2022-07-07 01:30:14,-17.5333,146.0333,68.74,63,0,6.6
367,Wuan,CN,2022-07-07 01:34:26,31.6836,112.0044,87.21,66,5,1.99
368,Trairi,BR,2022-07-07 01:31:08,-3.2778,-39.2689,78.24,78,63,12.03
369,Jalu,LY,2022-07-07 01:34:26,29.0331,21.5482,80.17,37,0,7.83
370,Tahta,EG,2022-07-07 01:35:27,26.7693,31.5021,83.32,19,0,5.21
371,Salta,AR,2022-07-07 01:35:27,-24.7859,-65.4117,48.79,76,0,5.75
372,Sao Miguel Do Araguaia,BR,2022-07-07 01:35:27,-13.275,-50.1628,71.13,39,0,4.54
373,Zhangjiakou,CN,2022-07-07 01:35:27,40.81,114.8794,82.76,24,0,2.15
374,Sosnovo-Ozerskoye,RU,2022-07-07 01:35:28,52.5249,111.5418,67.91,41,0,11.59
375,Rietavas,LT,2022-07-07 01:35:28,55.7194,21.9311,48.72,96,3,5.26
376,Sholokhovskiy,RU,2022-07-07 01:35:28,48.2807,41.0459,62.47,48,1,6.13
377,Maniitsoq,GL,2022-07-07 01:35:29,65.4167,-52.9,40.86,96,100,1.92
378,Khrebtovaya,RU,2022-07-07 01:35:29,56.7032,104.2494,68.5,57,26,4.81
379,Pokhara,NP,2022-07-07 01:35:20,28.2333,83.9833,77.32,89,64,1.95
380,San Policarpo,PH,2022-07-07 01:35:29,12.1791,125.5072,84.27,70,87,0.54
381,Sabratah,LY,2022-07-07 01:35:29,32.7933,12.4885,83.12,45,0,3.69
382,Deputatskiy,RU,2022-07-07 01:35:30,69.3,139.9,43.36,93,100,3.33
383,Sechura,PE,2022-07-07 01:35:30,-5.5569,-80.8222,64.24,76,3,13.35
384,Grindavik,IS,2022-07-07 01:35:30,63.8424,-22.4338,55.35,100,100,26.46
385,Stonewall,CA,2022-07-07 01:35:31,50.1344,-97.3268,73.71,89,0,6.93
386,Torbay,CA,2022-07-07 01:35:31,47.6666,-52.7314,61.29,90,100,17.27
387,Phalodi,IN,2022-07-07 01:35:31,27.1333,72.3667,88.63,63,43,7.18
388,Roald,NO,2022-07-07 01:35:31,62.5833,6.1333,53.76,93,75,6.91
389,Muroto,JP,2022-07-07 01:35:32,33.2833,134.15,79.39,82,100,7.87
390,Norrtalje,SE,2022-07-07 01:35:32,59.758,18.705,59.85,82,100,6.17
391,Valparaiso,CL,2022-07-07 01:31:36,-33.0393,-71.6273,51.48,83,0,4.61
392,Eastlake,US,2022-07-07 01:35:32,41.6539,-81.4504,72.18,81,0,5.75
393,Redlands,US,2022-07-07 01:35:32,34.0556,-117.1825,90.3,43,0,8.05
394,Nenjiang,CN,2022-07-07 01:35:30,49.1833,125.2167,77.4,57,50,10.96
395,Lao Cai,VN,2022-07-07 01:35:33,22.4833,103.95,86.65,69,9,1.34
396,Beyla,GN,2022-07-07 01:35:33,8.6833,-8.6333,67.1,97,100,2.44
397,Sinegorye,RU,2022-07-07 01:35:33,62.0788,150.477,89.76,37,5,6.04
398,Placido De Castro,BR,2022-07-07 01:35:34,-10.3353,-67.1856,76.06,74,22,2.95
399,Horta,PT,2022-07-07 01:35:34,38.5333,-28.6333,65.34,80,100,13.02
400,Denpasar,ID,2022-07-07 01:35:34,-8.65,115.2167,74.86,88,75,20.71
401,Ketchikan,US,2022-07-07 01:35:34,55.3422,-131.6461,68.47,56,100,14.97
402,Texarkana,US,2022-07-07 01:34:04,33.4251,-94.0477,97.02,44,0,10.36
403,Mankono,CI,2022-07-07 01:35:35,8.0586,-6.1897,70.93,94,99,4.38
404,Ravar,IR,2022-07-07 01:35:35,31.2656,56.8055,81.07,21,2,4.27
405,Kupang,ID,2022-07-07 01:35:35,-10.1667,123.5833,79.36,50,88,8.41
406,Cayenne,GF,2022-07-07 01:35:36,4.9333,-52.3333,82.09,1,0,5.99
407,Nova Londrina,BR,2022-07-07 01:35:36,-22.7658,-52.985,67.3,48,100,7.23
408,Alihe,CN,2022-07-07 01:35:36,50.5667,123.7167,77.88,43,0,11.07
409,Bonthe,SL,2022-07-07 01:35:36,7.5264,-12.505,76.06,87,20,3.87
410,Ohara,JP,2022-07-07 01:35:37,35.25,140.3833,76.1,82,77,14.27
411,Kudahuvadhoo,MV,2022-07-07 01:35:37,2.6708,72.8944,81.37,79,100,4.47
412,Vostok,RU,2022-07-07 01:35:37,46.4856,135.8833,84.27,53,77,2.26
413,Qasigiannguit,GL,2022-07-07 01:35:37,68.8193,-51.1922,41.25,91,100,3.04
414,Inhambane,MZ,2022-07-07 01:35:38,-23.865,35.3833,62.33,77,0,3.18
415,Lasa,IT,2022-07-07 01:36:38,46.6166,10.7002,60.37,90,51,2.86
416,West Plains,US,2022-07-07 01:36:38,36.7281,-91.8524,94.03,57,20,0.0
417,Qinzhou,CN,2022-07-07 01:36:38,21.95,108.6167,82.96,81,99,6.15
418,Shache,CN,2022-07-07 01:36:39,38.4167,77.2406,84.47,21,0,11.34
419,Coihueco,CL,2022-07-07 01:36:39,-36.6167,-71.8333,39.94,93,20,6.91
420,Santa Rosa,PH,2022-07-07 01:36:39,14.3122,121.1114,86.02,78,94,1.54
421,Mar De Espanha,BR,2022-07-07 01:36:40,-21.8672,-43.0097,55.4,62,0,3.65
422,Noumea,NC,2022-07-07 01:36:37,-22.2763,166.4572,87.78,99,96,1.7
423,Sorong,ID,2022-07-07 01:36:40,-0.8833,131.25,76.91,90,100,11.16
424,Mangan,IN,2022-07-07 01:36:40,27.5167,88.5333,83.39,68,3,2.33
425,Alamosa,US,2022-07-07 01:36:41,37.4695,-105.87,60.78,82,75,19.57
426,Galle,LK,2022-07-07 01:36:41,6.0367,80.217,78.93,87,100,10.42
427,Karimpur,IN,2022-07-07 01:36:41,23.9667,88.6167,84.92,78,70,7.31
428,Bud,US,2022-07-07 01:36:41,39.447,-86.1758,83.62,79,69,6.71
429,Colesberg,ZA,2022-07-07 01:36:42,-30.72,25.0972,43.5,73,0,4.16
430,Riyadh,SA,2022-07-07 01:36:42,24.6877,46.7219,86.14,15,100,10.8
431,Zheleznodorozhnyy,RU,2022-07-07 01:36:42,55.7503,38.0042,70.14,92,100,5.66
432,Zhigansk,RU,2022-07-07 01:36:42,66.7697,123.3711,65.34,47,100,9.82
433,Monrovia,LR,2022-07-07 01:36:43,6.3005,-10.7969,76.19,84,27,6.38
434,Hambantota,LK,2022-07-07 01:36:43,6.1241,81.1185,82.74,74,20,9.22
435,Axim,GH,2022-07-07 01:31:54,4.8699,-2.2405,75.6,89,79,7.23
436,Presov,SK,2022-07-07 01:36:43,49.1667,21.25,54.37,94,3,3.56
437,Chodavaram,IN,2022-07-07 01:36:44,17.8333,82.95,82.24,74,97,1.68
438,Moba,CN,2022-07-07 01:36:44,33.2288,105.0179,73.63,62,0,4.76
439,Gornyak,RU,2022-07-07 01:36:44,50.9942,81.4661,68.85,51,57,3.98
440,Champerico,GT,2022-07-07 01:36:44,14.3,-91.9167,76.01,91,99,13.78
441,Boyolangu,ID,2022-07-07 01:36:45,-8.1181,111.8935,79.09,71,37,5.59
442,Narsaq,GL,2022-07-07 01:36:45,60.9167,-46.05,46.62,89,100,2.82
443,Puksoozero,RU,2022-07-07 01:36:45,62.5903,40.6066,57.4,72,98,4.05
444,Jilib,SO,2022-07-07 01:36:45,0.4883,42.7854,73.35,84,56,9.57
445,Hovd,MN,2022-07-07 01:36:46,48.0056,91.6419,65.17,30,0,2.24
446,Ukiah,US,2022-07-07 01:34:24,39.1502,-123.2078,77.43,61,0,9.22
447,Korla,CN,2022-07-07 01:36:46,41.7597,86.1469,83.14,15,6,17.18
448,Nouakchott,MR,2022-07-07 01:36:46,18.0858,-15.9785,75.13,86,7,15.23
449,Baruun-Urt,MN,2022-07-07 01:36:47,46.6806,113.2792,77.04,29,100,10.07
450,Ugoofaaru,MV,2022-07-07 01:36:47,5.6667,73.0,82.96,79,100,16.84
451,Mount Isa,AU,2022-07-07 01:36:47,-20.7333,139.5,64.17,42,0,13.8
452,Vaitape,PF,2022-07-07 01:36:47,-16.5167,-151.75,79.07,65,11,8.23
453,Karasjok,NO,2022-07-07 01:36:48,69.4719,25.5112,51.73,82,71,6.17
454,Taoudenni,ML,2022-07-07 01:36:48,22.6783,-3.9836,97.66,16,24,9.19
455,Hanmer Springs,NZ,2022-07-07 01:36:48,-42.5167,172.8167,45.93,61,100,2.37
456,Mecca,SA,2022-07-07 01:32:07,21.4267,39.8261,85.8,26,100,5.99
457,Atambua,ID,2022-07-07 01:36:48,-9.1061,124.8925,75.78,57,100,1.99
458,Charyshskoye,RU,2022-07-07 01:36:49,51.3978,83.5598,65.64,65,7,2.55
459,Tarko-Sale,RU,2022-07-07 01:36:49,64.9225,77.785,61.75,62,12,10.47
460,Sefophe,BW,2022-07-07 01:36:49,-22.1833,27.9667,54.0,65,0,3.87
461,Sinop,TR,2022-07-07 01:37:50,41.7711,34.8709,61.86,61,0,3.91
462,Jieshi,CN,2022-07-07 01:37:50,22.8134,115.8257,81.88,81,100,7.87
463,Yanam,IN,2022-07-07 01:37:50,16.7333,82.2167,80.53,84,100,6.76
464,Panjab,AF,2022-07-07 01:37:50,34.388,67.0233,64.15,46,100,1.34
465,Nurota,UZ,2022-07-07 01:37:51,40.5614,65.6886,71.82,31,0,3.94
466,Faanui,PF,2022-07-07 01:37:51,-16.4833,-151.75,79.07,65,10,8.25
467,East London,ZA,2022-07-07 01:37:51,-33.0153,27.9116,58.66,73,0,7.07
468,Southbridge,US,2022-07-07 01:34:23,42.0751,-72.0334,70.86,81,41,4.25
469,Henties Bay,NA,2022-07-07 01:37:51,-22.116,14.2845,56.17,82,0,7.87
470,Kafanchan,NG,2022-07-07 01:37:52,9.5833,8.3,67.64,94,82,2.53
471,Cape Coast,GH,2022-07-07 01:37:52,5.1053,-1.2466,75.76,89,91,6.98
472,El Alto,PE,2022-07-07 01:37:52,-4.2714,-81.2147,61.57,85,18,15.03
473,Zirandaro,MX,2022-07-07 01:37:52,18.45,-100.9833,82.2,68,44,3.31
474,Krasnoselkup,RU,2022-07-07 01:37:53,65.7,82.4667,61.43,59,6,11.79
475,Xining,CN,2022-07-07 01:36:15,36.6167,101.7667,73.96,32,5,2.13
476,San Pedro,PH,2022-07-07 01:37:53,14.35,121.0167,85.26,86,100,3.44
477,Syracuse,IT,2022-07-07 01:35:23,37.0881,15.2792,79.32,63,0,4.76
478,Prince Albert,CA,2022-07-07 01:35:57,53.2001,-105.7677,67.95,56,20,3.44
479,Vestmannaeyjar,IS,2022-07-07 01:32:59,63.4427,-20.2734,53.11,96,100,21.3
480,Gamba,GA,2022-07-07 01:37:53,-2.65,10.0,70.18,88,100,5.3
481,Dudinka,RU,2022-07-07 01:37:54,69.4058,86.1778,51.62,62,66,11.95
482,Del Carmen,PH,2022-07-07 01:37:54,9.8694,125.9697,83.68,71,77,4.72
483,Tazovskiy,RU,2022-07-07 01:37:54,67.4667,78.7,52.66,69,98,7.96
484,Ostrovnoy,RU,2022-07-07 01:33:26,68.0531,39.5131,58.89,73,6,10.4
485,Conde,BR,2022-07-07 01:37:54,-7.2597,-34.9075,72.86,94,100,9.22
486,Oshnaviyeh,IR,2022-07-07 01:37:55,37.0397,45.0983,58.51,64,6,3.09
487,Caravelas,BR,2022-07-07 01:37:02,-17.7125,-39.2481,71.85,80,75,4.36
488,Negombo,LK,2022-07-07 01:37:55,7.2083,79.8358,80.65,78,100,3.44
489,Nortelandia,BR,2022-07-07 01:37:55,-14.4547,-56.8028,69.44,50,0,3.51
490,Dubrovytsya,UA,2022-07-07 01:37:56,51.5744,26.565,51.67,96,49,6.06
491,Tangier,MA,2022-07-07 01:37:56,35.7806,-5.8137,67.35,83,0,1.14
492,Quesnel,CA,2022-07-07 01:37:56,52.9999,-122.5029,72.1,46,40,9.22
493,Ahuimanu,US,2022-07-07 01:36:37,21.4447,-157.8378,83.91,66,75,16.11
494,Salina,US,2022-07-07 01:37:56,38.8403,-97.6114,84.33,74,0,14.97
495,Matara,LK,2022-07-07 01:37:57,5.9485,80.5353,78.49,87,100,9.15
496,Bambanglipuro,ID,2022-07-07 01:37:57,-7.95,110.2833,81.12,72,16,9.75
497,Emerald,AU,2022-07-07 01:34:05,-23.5333,148.1667,64.54,52,0,5.75
498,Viedma,AR,2022-07-07 01:37:57,-40.8135,-62.9967,48.18,47,2,19.89
499,Iskateley,RU,2022-07-07 01:37:58,67.6803,53.1512,64.06,75,8,12.71
500,Casas Grandes,MX,2022-07-07 01:37:58,30.3667,-107.95,71.65,57,99,15.3
501,Peno,RU,2022-07-07 01:37:58,56.9262,32.7426,61.52,98,100,4.38
502,Miandrivazo,MG,2022-07-07 01:37:58,-19.5167,45.4667,63.97,72,0,3.06
503,Mineiros,BR,2022-07-07 01:37:59,-17.5694,-52.5511,63.77,40,14,5.99
504,Fort Nelson,CA,2022-07-07 01:37:59,58.8053,-122.7002,76.59,38,75,4.61
505,Pangai,TO,2022-07-07 01:37:20,-19.8,-174.35,78.91,69,20,13.8
506,Presidencia Roque Saenz Pena,AR,2022-07-07 01:37:59,-26.7852,-60.4388,69.26,74,85,2.59
507,Puerto Del Rosario,ES,2022-07-07 01:38:00,28.5004,-13.8627,69.55,78,100,12.66
508,Tarquinia,IT,2022-07-07 01:39:00,42.2482,11.7553,70.9,71,6,4.61
509,Satellite Beach,US,2022-07-07 01:39:00,28.1761,-80.5901,85.01,86,0,4.61
510,Ahipara,NZ,2022-07-07 01:39:00,-35.1667,173.1667,59.65,96,100,11.74
511,Port Said,EG,2022-07-07 01:39:01,31.2565,32.2841,78.78,83,0,3.44
512,Magnolia,US,2022-07-07 01:36:19,33.2671,-93.2393,85.87,70,32,5.86
513,Chongwe,ZM,2022-07-07 01:39:01,-15.3292,28.682,51.15,73,3,2.17
514,Itaituba,BR,2022-07-07 01:39:01,-4.2761,-55.9836,76.57,75,77,1.77
515,Mogadishu,SO,2022-07-07 01:39:02,2.0371,45.3438,75.74,84,73,19.77
516,Mastic Beach,US,2022-07-07 01:38:24,40.7668,-72.8521,78.01,74,0,1.99
517,Salvador,SV,2022-07-07 01:39:02,13.8333,-88.9167,73.8,97,100,2.68
518,Adolfo Lopez Mateos,MX,2022-07-07 01:39:02,28.4667,-107.3,68.94,81,97,7.94
519,Port Augusta,AU,2022-07-07 01:39:02,-32.5,137.7667,58.71,55,20,14.2
520,Pinega,RU,2022-07-07 01:39:03,64.7001,43.3936,61.92,69,97,4.76
521,Nur,PL,2022-07-07 01:39:03,52.6683,22.3221,54.91,79,62,3.02
522,Gladstone,AU,2022-07-07 01:39:03,-23.85,151.25,66.13,55,0,6.91
523,Yeppoon,AU,2022-07-07 01:39:04,-23.1333,150.7333,62.38,55,0,9.8
524,Monywa,MM,2022-07-07 01:39:04,22.1167,95.1333,86.7,65,2,5.73
525,Saldanha,ZA,2022-07-07 01:39:04,-33.0117,17.9442,41.05,85,4,9.26
526,Truckee,US,2022-07-07 01:36:01,39.328,-120.1833,78.15,54,0,12.66
527,San Rafael,AR,2022-07-07 01:38:54,-34.6177,-68.3301,44.08,49,0,10.33
528,Iglino,RU,2022-07-07 01:39:05,54.8324,56.4126,53.69,95,7,5.61
529,Yaan,NG,2022-07-07 01:39:05,7.3833,8.5667,72.86,89,92,3.71
530,Anadyr,RU,2022-07-07 01:39:05,64.75,177.4833,57.7,72,20,11.18
531,Pangkalanbuun,ID,2022-07-07 01:39:05,-2.6833,111.6167,86.0,64,19,2.62
532,Arenal,CO,2022-07-07 01:39:06,8.4593,-73.9433,77.99,89,100,2.39
533,High Rock,BS,2022-07-07 01:39:06,26.6208,-78.2833,82.42,72,85,11.34
534,Odweyne,SO,2022-07-07 01:39:06,9.4092,45.064,68.25,67,12,20.18
535,Ploemeur,FR,2022-07-07 01:39:07,47.7333,-3.4333,61.83,88,0,3.44
536,Batticaloa,LK,2022-07-07 01:37:52,7.7102,81.6924,82.47,69,100,6.49
537,Cabinda,AO,2022-07-07 01:39:07,-5.55,12.2,68.77,87,10,5.93
538,Grand-Santi,GF,2022-07-07 01:39:07,4.25,-54.3833,71.74,99,100,2.35
539,Moissala,TD,2022-07-07 01:39:07,8.3404,17.7663,70.5,90,96,2.46
540,Port Moresby,PG,2022-07-07 01:39:08,-9.4431,147.1797,84.45,69,16,7.45
541,Port Macquarie,AU,2022-07-07 01:39:08,-31.4333,152.9167,64.89,86,100,16.67
542,Mandal,IN,2022-07-07 01:39:08,25.45,74.5667,80.96,75,92,3.36
543,Saint-Joseph,RE,2022-07-07 01:39:09,-21.3667,55.6167,65.21,73,51,11.88
544,Bihoro,JP,2022-07-07 01:39:09,43.8228,144.1044,77.02,73,20,9.22
545,Ilhabela,BR,2022-07-07 01:39:09,-23.7781,-45.3581,67.89,66,82,3.53
546,Balkanabat,TM,2022-07-07 01:39:09,39.5108,54.3671,74.75,31,0,4.34
547,Launceston,AU,2022-07-07 01:39:10,-41.45,147.1667,51.44,88,40,6.91
548,Ouallam,NE,2022-07-07 01:39:10,14.3188,2.0866,90.54,40,27,5.46
549,Vao,NC,2022-07-07 01:39:11,-22.6667,167.4833,75.79,78,99,13.98
550,Vakhrushev,RU,2022-07-07 01:39:11,48.9833,142.9667,62.38,84,88,9.66
551,Suez,EG,2022-07-07 01:39:11,29.9737,32.5263,71.82,77,0,4.92
552,Ushibuka,JP,2022-07-07 01:39:11,32.1906,130.0228,81.68,83,92,6.44
553,Ewo,CG,2022-07-07 01:39:12,-0.8725,14.8206,76.3,59,18,1.23
554,Padang,ID,2022-07-07 01:36:18,-0.9492,100.3543,78.85,65,46,0.92
555,Florence,IT,2022-07-07 01:40:12,43.7667,11.25,76.35,80,0,2.3
556,Morondava,MG,2022-07-07 01:40:12,-20.2833,44.2833,65.21,74,0,7.38
557,Olinda,BR,2022-07-07 01:39:38,-8.0089,-34.8553,78.53,83,75,9.22
558,Aykhal,RU,2022-07-07 01:40:13,66.0,111.5,60.73,53,21,12.73
559,Muisne,EC,2022-07-07 01:40:13,0.6,-80.0333,73.78,85,96,7.34
560,Carlagan,PH,2022-07-07 01:40:13,14.975,122.0456,83.82,79,94,6.8
561,Australind,AU,2022-07-07 01:40:14,-33.2667,115.7167,55.13,72,99,10.02
562,Bilibino,RU,2022-07-07 01:40:14,68.0546,166.4372,52.93,69,91,5.75
563,Hobyo,SO,2022-07-07 01:40:14,5.3505,48.5268,75.96,80,48,24.25
564,Apatity,RU,2022-07-07 01:40:14,67.5641,33.4031,57.56,65,95,3.89
565,Gobabis,NA,2022-07-07 01:40:15,-22.45,18.9667,51.73,41,0,7.92
566,Jiaocheng,CN,2022-07-07 01:40:15,24.6774,116.1389,81.32,87,99,2.89
567,Bethanien,NA,2022-07-07 01:40:15,-26.502,17.1583,49.93,22,0,2.42
